URL,Link Text
https://thangs.com/designer/elleSTVDIO/3d-model/Spiky%20mini%2C%20Apple%20Watch%20charger%20holder.-1114559,"NSFWSpiky mini, Apple Watch charger holder.518"
https://thangs.com/designer/elleSTVDIO/3d-model/Magnectus%20collection%2C%20fridge%20magnets.-1056310,"NSFWMagnectus collection, fridge magnets.365"
https://thangs.com/designer/elleSTVDIO/3d-model/Bonsai%2C%20balancing%20table%20top%20puzzle%20game.-1086939,"NSFWBonsai, balancing table top puzzle game.1K"
https://thangs.com/designer/elleSTVDIO/3d-model/Gem%2C%20Jewelry%20box.-1196434,"NSFWGem, Jewelry box.313"
https://thangs.com/designer/elleSTVDIO/3d-model/Spiky%20mini%2C%20Apple%20Watch%20charger%20holder.-1114559,"NSFWSpiky mini, Apple Watch charger holder.518"
https://thangs.com/designer/elleSTVDIO/3d-model/Magnectus%20collection%2C%20fridge%20magnets.-1056310,"NSFWMagnectus collection, fridge magnets.365"
https://thangs.com/designer/elleSTVDIO/3d-model/Bonsai%2C%20balancing%20table%20top%20puzzle%20game.-1086939,"NSFWBonsai, balancing table top puzzle game.1K"
https://thangs.com/designer/elleSTVDIO/3d-model/Gem%2C%20Jewelry%20box.-1196434,"NSFWGem, Jewelry box.313"
https://thangs.com/designer/Make%20Anything/3d-model/KROMATIK%20Vase%20001-1034570,KROMATIK Vase 001226
https://thangs.com/designer/SonOfALichMinis/3d-model/Emphasis%20Dice-1053119,Emphasis Dice82
https://thangs.com/designer/SonOfALichMinis/3d-model/Gamblers%20Dice-1053121,Gamblers Dice59
https://thangs.com/designer/Make%20Anything/3d-model/Ambiguous%20Star%20to%20Heart%20Illusion-913655,Ambiguous Star to Heart Illusion37
https://thangs.com/designer/MODERN%20MACHINE/3d-model/Invader%20Pendant%20Lamp%20by%20MODERN%20MACHINE-1220866,Invader Pendant Lamp by MODERN MACHINE170
https://thangs.com/designer/DAWNA%20FAWNA/3d-model/Frog%20Multi-Purpose%20Holder%3A%20Lil%27%20Hand%20Edition-1266339,Frog Multi-Purpose Holder: Lil' Hand Edition53
https://thangs.com/designer/DAWNA%20FAWNA/3d-model/Lily%20Pad%20Paper%20Towel%20Holder%3A%20Standard%20Edition-1265615,Lily Pad Paper Towel Holder: Standard Edition50
https://thangs.com/designer/3d_factorybox/3d-model/Print%20in%20Place%20Snap%20Hook%20-1140319,Print in Place Snap Hook34
https://thangs.com/designer/DAWNA%20FAWNA/3d-model/Mushroom%20Vase%20%26%20Table%3A%20Standard%20Edition-1273530,Mushroom Vase & Table: Standard Edition23
https://thangs.com/designer/printedobsession/3d-model/Skull%20Pendant%20-%20Jewellery%20-%20Print%20on%20Demand-1293147,Skull Pendant - Jewellery - Print on Demand40
https://thangs.com/designer/collecticraft/3d-model/VinoGrace%20Elegance%20Wine%20Holder%20Cracked%20version%20-1065988,VinoGrace Elegance Wine Holder Cracked version56
https://thangs.com/designer/printedobsession/3d-model/Cthulhu%20Pendant%20Deep%20-%20Jewelry%20-%20Print%20on%20Demand-1293123,Cthulhu Pendant Deep - Jewelry - Print on Demand40
https://thangs.com/designer/LoftedGoods/3d-model/MCM%20Vase-927266,MCM Vase952
https://thangs.com/designer/MBRDESIGN.STUDIO/3d-model/iPhone%20Stand%20for%20MagSafe%20Charger-1234776,iPhone Stand for MagSafe Charger7
https://thangs.com/designer/printedobsession/3d-model/Anubis%20Pendant%20-%20Jewellery%20-%20Print%20on%20Demand-1293122,Anubis Pendant - Jewellery - Print on Demand28
https://thangs.com/designer/The%20Kit%20Kiln/3d-model/A-10%20%27Warthog%27%20Kit%20%28No%20Support%2C%20No%20AMS%2C%20No%20Glue%29-1110517,"A-10 'Warthog' Kit (No Support, No AMS, No Glue)383"
https://thangs.com/designer/printedobsession/3d-model/Oni%20Mask%20Pendant%20-%20Jewelry%20-%20Print%20on%20Demand-1297391,Oni Mask Pendant - Jewelry - Print on Demand19
https://thangs.com/designer/printedobsession/3d-model/Skull%20Ring%20-%20all%20parts-1296139,Skull Ring - all parts22
https://thangs.com/designer/printedobsession/3d-model/Cthulhu%20Pendant%20-%20Jewelry%20-%20Print%20on%20Demand-1293216,Cthulhu Pendant - Jewelry - Print on Demand20
https://thangs.com/designer/printedobsession/3d-model/Wolf%20pendant%20-%20Jewelry%20-%20Print%20on%20Demand-1297389,Wolf pendant - Jewelry - Print on Demand16
