Image Path,Original Link
img/20250430/Kot%20the%20Barbarian%20.jpg,https://thangs.com/designer/MikeMoans/3d-model/Kot%20the%20Barbarian%20-%20Tabaxi%20Caravan%20-%20PRESUPPORTED%20-%20Illustrated%20and%20Stats%20-%2032mm%20scale%09%09%09-956946?image=2149001
img/20250430/EE.jpg,https://thangs.com/designer/stevenpoole1968/3d-model/EE-3%20Blaster%20Prop%20Kit%20%28No%20Support%2C%20No%20AMS%2C%20No%20Glue%29-1309516?image=2147183
img/20250430/Sauron%27s%20Mace%20Prop%20Kit%20%28No%20Support%2C%20No%20AMS%2C%20No%20Glue%29.jpg,https://thangs.com/designer/CGorecki%20Designs/3d-model/Sauron%27s%20Mace%20Prop%20Kit%20%28No%20Support%2C%20No%20AMS%2C%20No%20Glue%29-1280102?image=2147178
img/20250430/Chunk%20Vader%20Kit%20%28No%20Support%2C%20No%20AMS%2C%20No%20Glue%29.jpg,https://thangs.com/designer/cyclholic/3d-model/Chunk%20Vader%20Kit%20%28No%20Support%2C%20No%20AMS%2C%20No%20Glue%29-1220950?image=2147249
img/20250430/Minechunk%20Alex%20Kit%20%28No%20Support%2C%20No%20AMS%2C%20No%20Glue%29.jpg,https://thangs.com/designer/Dragonfire411/3d-model/Minechunk%20Alex%20Kit%20%28No%20Support%2C%20No%20AMS%2C%20No%20Glue%29-1302216?image=2147325
img/20250430/Stormchunker%20Kit%20%28No%20Support%2C%20No%20AMS%2C%20No%20Glue%29.jpg,https://thangs.com/designer/matt.warr/3d-model/Stormchunker%20Kit%20%28No%20Support%2C%20No%20AMS%2C%20No%20Glue%29-1141633?image=2147167
img/20250430/Dragon%20Head.3mf.jpg,https://thangs.com/designer/Griffin_Gaming/3d-model/Dragon%20Head.3mf-1063515?image=2147146
img/20250430/Millennium%20Falcon%20Kit%20%28No%20Support%2C%20No%20AMS%2C%20No%20Glue%29.jpg,https://thangs.com/designer/bak4373/3d-model/Millennium%20Falcon%20Kit%20%28No%20Support%2C%20No%20AMS%2C%20No%20Glue%29-1170505?image=2147182
img/20250430/Boba%20Chunk%20Kit%20%28No%20Support%2C%20No%20AMS%2C%20No%20Glue%29.jpg,https://thangs.com/designer/phreednoob/3d-model/Boba%20Chunk%20Kit%20%28No%20Support%2C%20No%20AMS%2C%20No%20Glue%29-1307220?image=2147147
img/20250430/Clikelixir%3A%20Inferno.jpg,https://thangs.com/designer/chipchip3d/3d-model/Clikelixir%3A%20Inferno-1314055?image=2148325
img/20250430/Bulldog%20Pup%28Free%20Sample%29.jpg,https://thangs.com/designer/kingprint/3d-model/Bulldog%20Pup%28Free%20Sample%29-1321995?image=2148640
img/20250430/Bubble%20Vases.jpg,https://thangs.com/designer/pezliz/3d-model/Bubble%20Vases-1318206?image=2147391
img/20250430/Floppy%20Bunny%20.jpg,https://thangs.com/designer/ZombieHedgehog/3d-model/Floppy%20Bunny%20-%20Articulated%20Easter%20Bunny-1307718?image=2147381
img/20250430/Batchunk%20Kit%20%28No%20Support%2C%20No%20AMS%2C%20No%20Glue%29.jpg,https://thangs.com/designer/Hollywood50/3d-model/Batchunk%20Kit%20%28No%20Support%2C%20No%20AMS%2C%20No%20Glue%29-1286300?image=2147152
img/20250430/Spitz%20.jpg,https://thangs.com/designer/merciking/3d-model/Spitz%20-1322027?image=2148728
img/20250430/Flatwoods%20Monster.jpg,https://thangs.com/designer/Donum%20Ex%20Machina/3d-model/Flatwoods%20Monster-1315941?image=2147427
img/20250430/Boba%20Chunk%20Kit%20%28No%20Support%2C%20No%20AMS%2C%20No%20Glue%29.jpg,https://thangs.com/designer/Ryan%20Misek/3d-model/Boba%20Chunk%20Kit%20%28No%20Support%2C%20No%20AMS%2C%20No%20Glue%29-1307220?image=2147351
img/20250430/S%27more%20Clicker%20.jpg,https://thangs.com/designer/YoungPrint3D/3d-model/S%27more%20Clicker%20-%20Ludo%20toy%20-%20Fidget%20toy-1318159?image=2148520
img/20250430/Tiny%20Horse.jpg,https://thangs.com/designer/KOONSKI/3d-model/Tiny%20Horse-1294371?image=2147129
