Image Path,Original Link
img/20250424/Mittens.jpg,https://thangs.com/designer/The%20Dragon%20Trappers%20Lodge/3d-model/Mittens-1313071
img/20250424/Flexi%20Fire%20Skeleton.jpg,https://thangs.com/designer/SnapPrint3D/3d-model/Flexi%20Fire%20Skeleton-1313069
img/20250424/sonic%20.jpg,https://thangs.com/designer/printedobsession/3d-model/sonic%20-%20FREE%20VERSION%20-%20print%20in%20parts%20version%20members%20only-1313111
img/20250424/Beaming%20Bat%20.jpg,https://thangs.com/designer/LUDO/3d-model/Beaming%20Bat%20-%20Articulated%20fidget%20Bat%20-%20Ludo%20flexy-1303365
img/20250424/SpringDock%3A%20Phone%20Edition.jpg,https://thangs.com/designer/logicalplanet/3d-model/SpringDock%3A%20Phone%20Edition-1313204
img/20250424/Pong%20Frame%20Kit%20%28No%20Support%2C%20No%20AMS%2C%20No%20Glue%29.jpg,https://thangs.com/designer/The%20Kit%20Kiln/3d-model/Pong%20Frame%20Kit%20%28No%20Support%2C%20No%20AMS%2C%20No%20Glue%29-1313068
img/20250424/Baby%20Bunny%20%28Free%20Sample%29Easter.jpg,https://thangs.com/designer/La%20calavera/3d-model/Baby%20Bunny%20%28Free%20Sample%29Easter-1313232
img/20250424/Ogre%20Zombie%20Gunner%20.jpg,https://thangs.com/designer/Titan%20Forge/3d-model/Ogre%20Zombie%20Gunner%20-%20With%20Free%20Dragon%20Warhammer%20-%205e%20DnD%20Inspired%20for%20RPG%20and%20Wargamers-1313026
img/20250424/Desk%20Organiser%20Type%2011.jpg,https://thangs.com/designer/Studio%20Loup/3d-model/Desk%20Organiser%20Type%2011-1315104
img/20250424/Snappy%20Switch%20Keychain.jpg,https://thangs.com/designer/Make%20Anything/3d-model/Snappy%20Switch%20Keychain-1313203
img/20250424/Bark%20Series%20.jpg,https://thangs.com/designer/3D%20Mieks/3d-model/Bark%20Series%20-%20Log%20Tray%20%282%20Part%29-1313644
img/20250424/Brick%20Clicker%20%26%20Keychain%2C%20Clicky%20Fun%20Game%21%20Gadget%20Fidget%20Anti%20Stress.jpg,https://thangs.com/designer/Valeria%20Momo%20%26%20Mattia/3d-model/Brick%20Clicker%20%26%20Keychain%2C%20Clicky%20Fun%20Game%21%20Gadget%20Fidget%20Anti%20Stress-1311030
img/20250424/Chloe.jpg,https://thangs.com/designer/FeatherForge3D/3d-model/Chloe-1313833
img/20250424/Glorious%20Baby%20Dragon%20Keychain.jpg,https://thangs.com/designer/EndK7/3d-model/Glorious%20Baby%20Dragon%20Keychain-1313205
img/20250424/Articulated%20Lizard.jpg,https://thangs.com/designer/Flexi-Maker/3d-model/Articulated%20Lizard-1313155
