URL,Link Text
https://thangs.com/designer/The%20Dragon%20Trappers%20Lodge/3d-model/Mittens-1313071,
https://thangs.com/designer/SnapPrint3D/3d-model/Flexi%20Fire%20Skeleton-1313069,
https://thangs.com/designer/printedobsession/3d-model/sonic%20-%20FREE%20VERSION%20-%20print%20in%20parts%20version%20members%20only-1313111,
https://thangs.com/designer/LUDO/3d-model/Beaming%20Bat%20-%20Articulated%20fidget%20Bat%20-%20Ludo%20flexy-1303365,
https://thangs.com/designer/logicalplanet/3d-model/SpringDock%3A%20Phone%20Edition-1313204,
https://thangs.com/designer/The%20Kit%20Kiln/3d-model/Pong%20Frame%20Kit%20%28No%20Support%2C%20No%20AMS%2C%20No%20Glue%29-1313068,
https://thangs.com/designer/La%20calavera/3d-model/Baby%20Bunny%20%28Free%20Sample%29Easter-1313232,
https://thangs.com/designer/Titan%20Forge/3d-model/Ogre%20Zombie%20Gunner%20-%20With%20Free%20Dragon%20Warhammer%20-%205e%20DnD%20Inspired%20for%20RPG%20and%20Wargamers-1313026,
https://thangs.com/designer/Valeria%20Momo%20%26%20Mattia/3d-model/Brick%20Clicker%20%26%20Keychain%2C%20Clicky%20Fun%20Game%21%20Gadget%20Fidget%20Anti%20Stress-1311030,
https://thangs.com/designer/Make%20Anything/3d-model/Snappy%20Switch%20Keychain-1313203,
https://thangs.com/designer/3D%20Mieks/3d-model/Bark%20Series%20-%20Log%20Tray%20%282%20Part%29-1313644,
https://thangs.com/designer/EndK7/3d-model/Glorious%20Baby%20Dragon%20Keychain-1313205,
https://thangs.com/designer/Flexi-Maker/3d-model/Articulated%20Lizard-1313155,
https://thangs.com/designer/FeatherForge3D/3d-model/Chloe-1313833,
https://thangs.com/designer/PirateLife/3d-model/Dice%20and%20Cups%20%7C%20Liar%27s%20Dice%20%7C%20Pirate%20Life-1309690,
